Timestamp,Lat,Lon,avg_ax,avg_ay,avg_az,av,s,v(km/h),IRI
1708513066.57,10.87601662,106.8015594,-0.31,0.22,10.15,10.159484177358612,1.054287226334415,5.750656850334935,2.3088149385953325
1708513067.23,10.87602234,106.8015671,0.24,0.07,9.99,9.99639726768266,1.1211849343571227,3.957123371727236,5.4259191207603585
1708513068.25,10.87602901,106.8015594,0.10,-0.28,10.12,10.124318495582802,2.576910293354853,9.276877056077472,5.281962096451428
1708513069.25,10.87605095,106.8015518,-0.66,-0.23,10.28,10.302037824301236,2.968904541265749,10.688056348556696,5.374680115793381
1708513070.25,10.87607765,106.8015518,-0.57,-0.13,9.91,9.9290642392255,3.0827148753891103,11.209872166156693,5.077012112207993
1708513071.24,10.87610435,106.8015594,-0.54,-0.28,10.17,10.191365762797012,4.4293717478176164,15.94573829214342,5.316941352018173
1708513072.24,10.87614346,106.8015671,-1.08,-0.14,9.25,9.311846248492055,5.08939179253573,18.14040656052379,4.955734340780102
1708513073.25,10.87618923,106.8015671,-1.00,0.02,9.63,9.67815481151007,4.740896719936519,17.23962427006222,4.948715006570798
1708513074.24,10.87623119,106.8015594,-1.09,-0.33,10.04,10.108041628107571,4.636974004476383,16.69310641611498,5.273470285660347
1708513075.24,10.8762722,106.8015671,-1.72,-0.23,9.26,9.415975490858314,4.7389721931078785,16.891386194333837,5.011151585492177
1708513076.25,10.87631416,106.8015747,-1.11,-0.12,11.73,11.780117194285934,4.75747866469938,17.12692319291777,6.145809472422395
1708513077.25,10.87635422,106.80159,-1.18,-0.35,9.17,9.25358624174073,4.652172027217775,16.916989026920213,4.731621057005424
1708513078.24,10.8763895,106.8016129,-1.13,0.12,10.92,10.978605583386061,4.60575399212256,16.416549037823394,5.842778247361749
1708513079.25,10.87641811,106.8016434,-1.88,-0.19,10.16,10.339500578955553,3.8825388995720127,13.977140038459247,5.394224823933401
1708513080.25,10.87644482,106.8016663,-1.23,-0.51,9.81,9.90119254882405,3.0745397217835646,11.068342998420833,5.16555497294689
1708513081.25,10.87647247,106.8016663,-1.87,-0.28,27.26,27.323557703116844,2.8829715793627666,10.48353291487596,13.971309890342596
1708513082.24,10.87649727,106.8016586,-0.62,0.24,10.82,10.84014247548845,2.4502728184333793,8.910082890289893,5.542872250608799
1708513083.23,10.87651348,106.8016434,-0.54,-0.53,10.18,10.209483880741038,4.236958782487355,15.10203144651354,5.4334541743129225
1708513084.24,10.87652016,106.8016052,0.46,-0.37,9.99,10.005610787064539,4.172558962335228,15.02121226440682,5.220031052181769
1708513085.24,10.87652302,106.8015671,-0.40,-0.25,10.18,10.190768425938797,5.029289255164421,18.105441318591915,5.316629715176119
1708513086.24,10.87651825,106.8015213,-0.67,-0.06,10.63,10.648242682350089,5.002358019053632,17.830187166965338,5.6669601840159505
1708513087.25,10.8765173,106.8014755,-0.25,0.19,10.19,10.189706543588214,4.226208622254581,15.368031205611642,5.210285913678182
1708513088.24,10.87651062,106.8014374,-0.48,-0.06,9.73,9.745326515252781,5.946663113599406,21.19602713970191,5.186431131374614
1708513089.25,10.87650013,106.801384,-1.23,-0.24,10.27,10.346249443688295,4.219554150208301,15.343833125676454,5.290330737715928
1708513090.24,10.87649441,106.8013458,-0.16,-0.04,10.37,10.369581717697198,5.865728919445536,20.907548821182033,5.518657723353129
1708513091.25,10.87648869,106.8012924,-0.74,-0.30,9.62,9.65430833295452,6.103699265977286,22.19526984429055,4.936521625851015
1708513092.24,10.87647247,106.801239,-0.97,-0.29,11.46,11.504237373725404,6.135397787933492,22.08743203656057,6.001880105125989
1708513093.24,10.87645531,106.8011856,-0.43,-0.04,11.62,11.630935263427478,5.878262458548325,21.16174485077397,6.067979709894321
1708513094.24,10.87644863,106.8011322,-1.34,0.16,10.15,10.240550547221769,5.112507714990417,18.4050277739655,5.342601564818376
1708513095.24,10.87643909,106.8010864,-1.04,-0.28,9.69,9.753557697327782,4.246049246473497,15.285777287304589,5.0885323377879175
1708513096.24,10.87644672,106.8010483,-1.94,-0.23,10.10,10.288106567036223,5.21689932275951,18.780837561934238,5.367412034207267
1708513097.24,10.87643337,106.8010025,-1.29,-0.25,9.69,9.777233968849913,4.194096760533045,15.09874833791896,5.100884494510343
1708513098.24,10.8764286,106.8009644,-1.51,-0.14,10.08,10.196460987355696,3.3479444409115278,11.933267426817828,5.426523432734526
1708513099.25,10.87640858,106.8009415,-1.38,-0.29,10.32,10.418351730373562,2.282139878757224,8.383370820026427,5.2201221450406665
1708513100.23,10.8763895,106.8009338,-1.03,-0.34,9.87,9.924963887252453,2.7810396474124395,10.011742730684782,5.177956727061553
1708513101.23,10.87636566,106.8009415,-0.01,-0.38,10.22,10.228496109060277,1.817970550041082,6.479895091034645,5.443572420497631
1708513102.24,10.87635899,106.8009567,-0.58,-0.35,9.68,9.700609516932428,0.7427821100084443,2.70102582855698,4.960196734219912
1708513103.23,10.87635231,106.8009567,-0.24,-0.12,10.32,10.326976673849042,2.037616489859835,7.191587745749074,5.605353478240991
1708513104.25,10.8763628,106.800972,0.23,-0.22,10.14,10.148286801229062,4.1940977372246495,15.251264352082169,5.189106824836035
1708513105.24,10.87635803,106.8010101,0.02,-0.14,9.89,9.889375612241654,5.316140481829104,19.138105734584773,5.159389954417336
1708513106.24,10.87637424,106.8010559,-0.55,-0.20,9.73,9.751032423970978,5.029291658551472,18.105449970785298,5.0872148764536425
1708513107.24,10.87637901,106.8011017,-1.88,-0.15,10.28,10.455123943151829,7.8150409114736386,27.85559163065022,5.564183018011095
1708513108.25,10.87639904,106.8011703,-1.28,0.04,10.07,10.153781041781649,5.711128703871952,20.767740541295375,5.191916185835297
1708513109.24,10.87642384,106.8012161,-0.93,0.06,11.35,11.382940573995418,7.6685312475876835,27.06540490936009,6.178517445539493
1708513110.26,10.87643814,106.8012848,-1.64,-0.13,9.51,9.652868600691827,5.8350110068787915,21.43473389380464,4.836576307817969
1708513111.24,10.87644005,106.8013382,-1.89,0.27,10.01,10.191194047368105,5.091429742156871,18.329147071764737,5.316851766295708
1708513112.24,10.87643147,106.801384,-2.53,-0.32,9.30,9.640361623000572,5.381725226644252,19.182387127580995,5.130569156506334
1708513113.25,10.87641335,106.8014297,-1.31,-0.37,12.90,12.974937807600895,6.0279867427631135,21.70075227394721,6.769159794159304
1708513114.25,10.87639999,106.8014832,-2.02,-0.13,10.14,10.33644764897496,4.256710833997398,15.478948338153414,5.285318802121396
1708513115.24,10.87637615,106.8015137,-1.43,-0.74,9.06,9.202095926713895,3.8729927961035853,13.942774065972907,4.8008290053319715
1708513116.24,10.87634468,106.8015289,0.77,-0.16,11.50,11.527018140968732,4.130008603234636,14.86803097164469,6.0137650679666805
1708513117.24,10.87631512,106.8015518,-0.16,-0.40,7.55,7.567150314939494,4.559233430637935,16.250733173540233,4.027212829428261
1708513118.25,10.87627697,106.8015671,-0.60,0.01,9.33,9.351157682340727,4.010866896466584,14.58497039210766,4.781512101498294
1708513119.24,10.87624168,106.8015747,0.42,-0.37,11.58,11.59691733464832,5.906645935211281,21.053391651031088,6.171841753917655
1708513120.25,10.87619781,106.8015442,-0.10,-0.08,10.19,10.18742375567924,5.961162432117047,21.46018475562137,5.314884765968543
1708513121.25,10.87614632,106.8015594,-0.22,-0.08,9.68,9.679488192392542,7.399549850005668,26.638379460020406,5.049889507878768
1708513122.25,10.87608147,106.8015442,-0.62,-0.09,9.94,9.95666582970647,6.25693852232248,22.752503498359747,5.091125588142057
1708513123.24,10.8760252,106.8015442,-0.39,0.06,10.19,10.199122375097877,8.207111066725224,29.545599840210805,5.320988057205085
1708513124.24,10.87595177,106.8015518,-0.68,-0.14,9.76,9.781638268829113,6.787338322441771,24.192493258918784,5.205756128734972
1708513125.25,10.87589073,106.8015518,-1.29,-0.04,10.29,10.373935956146163,5.726538722203189,20.61553939993148,5.412190117812408
1708513126.25,10.87583923,106.8015518,-2.06,0.06,10.08,10.287841394362355,4.843010512225699,17.434837844012517,5.36727369086959
1708513127.25,10.87579632,106.8015594,-0.67,-0.82,9.90,9.958328033471393,4.948212504850769,17.813565017462768,5.195363148618302
1708513128.25,10.87575245,106.8015518,-0.74,0.55,8.90,8.9482513810117,4.5552443811684515,16.73355046228498,4.483527375758412
1708513129.23,10.8757143,106.8015366,-0.10,-0.24,10.29,10.294879795315728,4.740896978692418,16.898246816284104,5.478901602795609
1708513130.24,10.87567234,106.8015289,-0.27,0.29,9.37,9.375143554456468,6.541391529442764,23.54900950599395,4.891109749760933
1708513131.24,10.87561798,106.8015518,-0.29,-0.15,8.42,8.426247682094326,4.771374302305593,17.35045184124579,4.308579389933971
1708513132.23,10.87557507,106.8015518,-0.34,0.10,11.62,11.625361284708532,4.11427451219009,14.66474097399821,6.186979531791046
1708513133.24,10.87553883,106.8015594,0.14,-0.07,10.51,10.512801059237786,5.8332858517513575,20.999829066304887,5.484637484158083
1708513134.24,10.87548637,106.8015594,-1.06,-0.47,9.64,9.712794540078452,8.734956974793615,31.445845109257014,5.067265775340619
1708513135.24,10.87540817,106.8015518,-0.23,-0.31,10.65,10.655599275421693,7.192738282223624,25.89385781600505,5.559136796447927
1708513136.24,10.87534523,106.8015366,-0.26,-0.26,9.57,9.574013510220128,7.470840355092001,26.895025278331204,4.994862270873828
1708513137.24,10.87527847,106.8015289,-0.27,-0.22,9.99,10.000251425410692,7.8129857811142065,27.848266413458326,5.322101340898793
1708513138.25,10.87520981,106.8015137,-0.52,-0.04,10.22,10.230456729685102,7.25984684072046,26.399442802857525,5.231122639416274
1708513139.24,10.87514496,106.801506,-0.78,-0.02,9.63,9.662978900136842,7.786919595063609,27.755357234578916,5.142605997966995
1708513140.25,10.87507534,106.8015137,-0.65,-0.14,9.86,9.885431058999004,8.84115193307556,32.14964308330215,5.054701229815982
1708513141.24,10.87499619,106.801506,0.01,0.12,11.17,11.167284062534332,8.589808083127954,30.617138011137047,5.943192321384145
1708513142.25,10.87491894,106.801506,-1.01,0.10,9.78,9.83206234723926,8.208217628566885,29.84806381635098,5.027412294072497
1708513143.24,10.8748455,106.8014984,-0.53,-0.14,11.05,11.06680170600341,8.332040911468422,30.298330295291844,5.658769542734483
1708513144.23,10.87477207,106.8014832,-1.74,-0.21,10.05,10.199316017372057,8.208222822972552,29.549602162701188,5.321089082390428
1708513145.23,10.87469864,106.8014755,0.60,-0.29,12.58,12.592490045878757,8.102024765322465,29.167289155160876,6.569632825290203
1708513146.23,10.87462616,106.8014679,-1.09,0.02,10.18,10.24116204344019,8.854494765951342,31.251158581856252,5.558774372638446
1708513147.25,10.87454796,106.8014526,-1.55,-0.34,10.12,10.240222572450921,8.69544326346894,31.619793380745794,5.236116191760522
1708513148.24,10.87446976,106.8014526,-1.09,0.03,11.44,11.49067472151029,8.645008259839738,31.12202973542306,5.994804328622233
1708513149.24,10.87439346,106.8014374,-0.44,-0.53,10.63,10.650495163241107,7.529008483066201,26.836070094026766,5.668158947033046
1708513150.25,10.87432575,106.8014374,-1.43,-0.29,9.32,9.437858896781385,7.680805499396576,27.650899797827673,4.923828995127493
1708513151.25,10.87425709,106.8014297,-1.39,-0.07,9.36,9.460756664594363,7.998093282539261,29.083975292701957,4.837553169113623
1708513152.24,10.87418556,106.8014374,-1.86,0.01,10.09,10.254184240808454,7.952661153637325,28.3461192311129,5.45724356081264
1708513153.25,10.87411404,106.8014374,-1.49,-0.00,9.53,9.641969024357351,6.523733766891604,23.722668014719982,4.930212187449298
1708513154.24,10.87405586,106.8014297,-1.64,0.09,10.27,10.402639355257662,6.416470250900301,22.870587248863366,5.536250890734944
1708513155.25,10.87399864,106.8014221,-1.11,0.25,10.07,10.131312983901829,6.054678715908149,21.796843377269337,5.285611193642639
1708513156.25,10.87394905,106.8013992,-0.42,0.02,11.26,11.26624197917537,5.575484870469446,20.071745533690006,5.877715436295021
1708513157.25,10.87391567,106.8013611,-1.47,-0.33,7.67,7.813921159628429,5.583638395071753,20.10109822225831,4.076603813661563
1708513158.25,10.87388229,106.8013229,-0.70,-0.08,10.53,10.551955453321858,4.453964354734672,16.361501392830558,5.287064380326217
1708513159.23,10.87386799,106.8012848,-0.74,0.20,10.16,10.190626820760341,5.281299112242706,18.639879568236502,5.531344487283955
1708513160.25,10.87385273,106.801239,-0.94,0.24,10.21,10.253756357766868,5.839860595102594,21.235856504897402,5.2430363999813165
1708513161.24,10.87385559,106.8011856,-1.43,-0.20,8.79,8.909145581928719,5.991992279320771,21.571172205554774,4.647993768276483
1708513162.24,10.87386799,106.8011322,-1.62,-0.19,9.08,9.223804047740343,3.4645040380955114,12.472214537143842,4.812154357502283
1708513163.24,10.87387657,106.8011017,-1.66,-0.06,11.59,11.706787442429379,5.041568210031459,17.969946264839617,6.2303142685646815
1708513164.25,10.87388229,106.8010559,-1.74,-0.41,9.88,10.046057960989254,2.5006433676918713,9.093248522192688,5.136834319833592
1708513165.24,10.87388229,106.801033,-1.64,-0.23,10.27,10.404498225927732,2.5560444027585274,9.110653402788772,5.537240175670381
1708513166.25,10.87387753,106.8010101,0.23,-1.71,33.09,33.1351020654666,1.5197826333377449,5.4712174800158815,17.286926843342965
1708513167.25,10.87386608,106.8010025,0.37,-0.10,9.56,9.565835329732348,1.5188512485106036,5.523095395925082,4.891282870401346
1708513168.24,10.87385464,106.8010101,-0.19,-0.06,10.13,10.136980018175477,2.5562751157310957,9.111475746065098,5.394867854053013
1708513169.25,10.87384987,106.801033,-0.04,0.02,10.55,10.548648525488264,3.390739519552013,12.206662270387246,5.503339479563646
1708513170.25,10.87384415,106.8010635,-0.21,0.03,10.23,10.233695244990782,4.219758628367213,15.34457668261079,5.232778584129326
1708513171.24,10.87383842,106.8011017,-0.83,0.04,8.56,8.605200139708804,5.2809424258224,19.01139273296064,4.489422274709265
1708513172.24,10.87382317,106.8011475,-0.23,-0.09,9.70,9.70741500722252,5.991993132010661,21.357599484079525,5.16625474988778
1708513173.25,10.87381077,106.8012009,-0.80,-0.07,10.02,10.05386614640338,5.422633905752673,19.919879266089875,5.0374963979290746
1708513174.23,10.87379169,106.8012466,-0.27,0.08,9.85,9.85703457497461,6.017179651231304,21.447373216802756,5.24588179807726
1708513175.24,10.87377834,106.8013,-1.70,-0.27,9.59,9.743124629759203,5.957423603959632,21.446724974254675,5.083089298093838
1708513176.24,10.87376785,106.8013535,-1.65,-0.14,9.47,9.613975477906937,5.008319357415023,17.851435501919443,5.116526535755105
1708513177.25,10.87376404,106.8013992,-1.70,-0.21,10.13,10.272779159831416,5.2483145475353625,19.08477998901077,5.252763298122262
1708513178.24,10.87374973,106.801445,-2.08,0.04,9.75,9.973092967246085,3.4645053996729382,12.348732234246798,5.307647697638651
1708513179.25,10.87374115,106.8014755,-2.11,-0.13,9.20,9.437323802623048,3.3573894031332197,12.208688621059054,4.82557128228263
1708513180.24,10.87373734,106.801506,-2.88,-0.38,7.27,7.826903389378629,3.021997889438171,10.771477727427953,4.165452572307359
1708513181.25,10.87372208,106.8015289,-1.74,-0.09,10.08,10.228905665373551,0.9935479715220795,3.6129016798223947,5.230329536248962
1708513182.24,10.87372684,106.8015366,-1.97,-0.12,10.58,10.759487544591622,1.1137652316408118,3.969856308679626,5.726164338523441
1708513183.25,10.87373352,106.8015442,-1.35,-0.22,9.87,9.963949462381313,1.1868275343785089,4.272579123762632,5.198295906457069
1708513184.25,10.87374115,106.8015518,-1.10,-0.22,10.02,10.086057207848862,1.113765203010521,4.0500552446601406,5.157287069044656
1708513185.24,10.87374783,106.8015594,-0.54,-0.19,10.24,10.25254196122438,1.2645013824998341,4.598186801159269,5.242415444591494
1708513186.23,10.87375641,106.8015518,-0.65,-0.04,9.98,10.003112015767893,1.2645013668315743,4.507133627304003,5.323623737799447
1708513187.24,10.87376499,106.8015442,0.64,-0.47,10.96,10.993863187150263,2.166216943464434,7.721169376343338,5.850898294548365
1708513188.25,10.87377739,106.8015289,-0.08,-0.20,10.04,10.040651539284358,1.3788170902918895,5.013880280035065,5.134069863101504
1708513189.24,10.87378979,106.8015289,1.66,0.52,18.24,18.324420939767176,3.644231440156471,13.119233184563296,9.560040696615742
1708513190.24,10.87381363,106.801506,0.50,0.60,10.06,10.095257549958792,4.736796472043563,17.052467299356827,5.266800699332201
1708513191.24,10.87384987,106.8014832,-0.31,-0.69,9.31,9.343892241578036,5.965283149980258,21.262395586834586,4.972789114257095
1708513192.25,10.87390137,106.8014679,-2.81,-0.42,3.55,4.552482228899355,6.066762627565858,21.84034545923709,2.3750772546622554
1708513193.25,10.87395382,106.8014526,-0.64,-0.32,12.07,12.089263487353838,7.84702597329634,28.249293503866824,6.307094303885921
1708513194.25,10.87402439,106.8014526,-0.74,-0.27,8.81,8.842207492099092,7.258590587785144,26.394874610409474,4.521271436505991
1708513195.24,10.87408924,106.801445,-0.67,-0.18,10.42,10.438167942699524,6.9986086829469105,24.945536135156484,5.555159089621235
1708513196.25,10.87415218,106.801445,-1.29,-0.11,9.24,9.333583478790745,7.6357556127912005,27.76638377903783,4.7725259128569535
1708513197.24,10.87422085,106.801445,1.18,-0.14,31.89,31.912330993589993,7.25859052528374,26.130925891021466,16.648994477119263
1708513198.24,10.8742857,106.8014374,-0.38,-0.60,10.58,10.60396492931876,7.316626173177049,26.339854223437378,5.532198621882426
1708513199.24,10.8743515,106.8014374,-0.19,-0.34,10.44,10.442327459804053,7.258590483894079,25.872203949262623,5.557372771119607
1708513200.25,10.87441635,106.801445,-0.26,-0.38,10.45,10.458781929290067,8.69544326346894,31.942444019626954,5.240379723413371
1708513201.23,10.87449455,106.801445,-0.98,-0.51,12.40,12.449111637203496,6.837887507334449,24.37266857310881,6.625376794927783
1708513202.24,10.87455559,106.8014526,-1.65,-0.56,10.67,10.812978184673371,9.264079448991595,33.35068601636974,5.641243007726337
1708513203.24,10.87463856,106.8014603,-0.25,-0.42,9.82,9.837264044890167,8.270678643867464,29.77444311792287,5.132202808570697
1708513204.24,10.87471294,106.8014603,-2.24,-0.06,9.97,10.215076684326293,11.20526962150546,40.338970637419656,5.3293115860091556
1708513205.24,10.87481117,106.8014832,-1.63,-0.07,9.07,9.22109206595883,5.577894550164628,20.283252714299486,4.715005863463903
1708513206.23,10.87486076,106.8014755,-1.64,-0.22,10.50,10.628192330882152,6.469320832211634,22.832897481828272,5.768849560799865
1708513207.25,10.87491894,106.8014755,-1.96,-0.22,9.61,9.813013751589716,8.059408283185492,29.3069389292677,5.017672206940093
1708513208.24,10.87499142,106.8014755,-1.23,-0.19,10.20,10.273628862286197,7.891945412542891,28.697983041887994,5.253197775083105
1708513209.23,10.87506199,106.8014832,-0.81,-0.24,9.09,9.129010686329112,6.46820888282762,23.28555197817943,4.762699676460019
1708513210.23,10.87512016,106.8014832,-0.00,-0.08,9.96,9.965294916748716,8.208217550957583,29.257013329172196,5.303497600481794
1708513211.24,10.8751936,106.8014908,-0.59,-0.37,10.46,10.481401252801184,9.373960921703373,33.74625931813215,5.468255879064722
1708513212.24,10.87527657,106.801506,-0.73,-0.16,9.73,9.758853530114191,8.20711125655511,29.253070101561796,5.193630164765848
1708513213.25,10.87535,106.8014984,-0.33,-0.27,10.17,10.17887227625568,7.152553458277954,25.749192449800635,5.310423370349318
1708513214.25,10.87541389,106.8014908,-0.58,0.01,9.52,9.53320737512527,5.367433308053111,19.517939113993563,4.874599271952836
1708513215.24,10.87546158,106.8014832,-1.24,0.18,8.55,8.638205005340271,8.312211787052181,29.627685857365826,4.597224658278237
1708513216.25,10.87553596,106.8014908,-1.95,-0.28,5.91,6.228267685909697,7.953773102844508,28.63358317024023,3.2493519299971942
1708513217.25,10.87560749,106.8014908,-1.26,0.01,9.77,9.853384997977464,9.687116687561616,35.585325914781215,4.937045183605963
1708513218.23,10.87569332,106.801506,-2.17,-0.12,10.54,10.764004451724029,7.316626173177049,26.079063833808622,5.728568221834316
1708513219.24,10.87575912,106.801506,-1.18,-0.26,10.15,10.221518423839429,5.726538722203189,20.41142534117822,5.439858919077469
1708513220.25,10.87581062,106.801506,-2.35,-0.14,10.02,10.296128182746928,6.83788706284235,24.86504362535447,5.26470231566653
1708513221.24,10.87587166,106.8014984,-1.80,-0.14,10.02,10.178688111277733,6.101261961237271,22.186406918048597,5.204651876779028
1708513222.23,10.87592602,106.801506,-0.27,-0.31,14.28,14.289239541230549,5.577894075933694,19.881602834620832,7.604686891128234
1708513223.24,10.87597561,106.8015137,-0.39,-0.37,8.29,8.310966149211135,4.029704141681162,14.506934910052182,4.335917346355381
1708513224.24,10.87601185,106.8015137,-0.88,-0.21,10.17,10.213625566967991,5.368034054989302,19.520123648285942,5.222516388623803
1708513225.23,10.87605953,106.801506,-0.94,-0.10,9.78,9.82586496051224,6.522334618073199,23.24792559086437,5.229293430458426
1708513226.24,10.87611771,106.8014984,-1.70,-0.19,10.84,10.975297262489068,4.135339321668486,14.88722155800655,5.72592655624642
1708513227.24,10.8761549,106.8014984,-3.86,-0.49,-0.53,3.9326733203311512,5.090503741919744,18.32581347091108,2.051716510575775
1708513228.24,10.87620068,106.8014984,-2.49,0.23,10.40,10.694816761195844,4.426219562657242,15.934390425566072,5.579596966035397
1708513229.24,10.87623978,106.801506,-0.54,-0.18,7.36,7.38193760321623,5.78793794277868,20.630274050246413,3.928643225577185
1708513230.25,10.87629128,106.8015137,-0.90,-0.12,9.93,9.969255377297632,5.645954182382774,20.325435056577987,5.201064057368879
1708513231.25,10.87633228,106.8015442,-0.27,0.34,10.45,10.46051916068754,5.5057007265611375,20.020729721906605,5.3487600844585765
1708513232.24,10.87636471,106.8015823,-0.42,-0.25,10.56,10.56785863413734,6.626849381832714,23.85665777459777,5.5133615927357456
1708513233.24,10.87640381,106.8016281,0.11,-0.24,10.54,10.540123997794757,6.499071856298762,23.396658682675547,5.498892144941873
1708513234.24,10.87644863,106.8016663,-0.46,0.64,11.47,11.498829650591981,7.680723518910073,27.650604668076262,5.9990588398100755
1708513235.24,10.87646389,106.8017349,-2.00,0.00,7.15,7.426058098943806,6.103370948962564,21.97213541626523,3.874251627087854
1708513236.24,10.8764801,106.8017883,-0.47,0.29,10.63,10.640888903971636,10.011454237622022,36.04123525543928,5.551462242900661
1708513237.24,10.87647629,106.8018799,-0.86,-0.42,10.85,10.893857979002052,6.674503326348061,24.028211974853022,5.683438836334382
1708513238.24,10.8764801,106.8019409,-1.53,-0.07,11.65,11.752901887524535,7.508602434558411,27.304008589918148,6.0095920218569026
1708513239.23,10.87647724,106.8020096,-1.77,-0.21,7.92,8.120895202432358,8.332449235282079,29.408644909745952,4.407920111280596
1708513240.25,10.8764782,106.8020859,-1.27,-0.06,9.67,9.754631236266983,9.171456004259223,33.017241615333205,5.0890924142008025
1708513241.25,10.87648201,106.8021698,-0.36,0.20,10.07,10.08030285038875,10.002486281254814,36.00895061251733,5.25899867726748
1708513242.25,10.87648201,106.8022614,-1.21,-0.18,11.05,11.115980238677409,9.31747636702707,33.88173191734957,5.683915921087051
1708513243.24,10.87649727,106.8023453,-0.29,0.15,9.62,9.62871919485314,7.4939547203468315,26.978236993248593,5.023402794645185
1708513244.24,10.87649536,106.8024139,-1.88,0.33,4.79,5.159835807034517,10.016538741782412,36.05953947041669,2.6919399235178156
1708513245.24,10.87649059,106.8025055,-1.01,0.17,9.55,9.603048850350717,9.162287510744683,33.317408809031605,4.91031119878812
1708513246.23,10.87649155,106.8025894,-1.91,-0.65,7.64,7.906336066725219,10.038403252685885,36.13825170966919,4.124817630388614
1708513247.23,10.87648392,106.802681,-0.75,0.29,13.98,14.001519163608243,10.047721111786977,36.17179600243312,7.304737948256319
1708513248.23,10.87647438,106.8027725,-1.43,-0.22,9.41,9.521040588553799,9.222875111600201,32.87361456957222,5.0670668893720325
1708513249.24,10.87646484,106.8028564,-1.95,0.02,11.34,11.504806845643065,8.334472216794097,30.307171405481864,5.882733991506478
1708513250.23,10.87646675,106.8029327,-0.76,-0.06,13.03,13.055537990531919,8.445084955047436,30.402305838170772,6.811209746597529
1708513251.23,10.87645435,106.803009,-1.41,0.07,11.35,11.44035790038445,8.37485163392082,29.850956600787978,6.088521331302195
1708513252.24,10.87644672,106.8030853,-0.89,0.28,10.66,10.704263947916582,7.715366987695093,27.775321155702336,5.584525661453148
1708513253.24,10.87643051,106.803154,-1.04,0.14,9.74,9.79225745793323,7.825507673067176,28.171827623041835,5.108722404778491
1708513254.24,10.87641048,106.8032227,-1.63,0.09,11.68,11.793916539764847,7.381742577887365,26.574273280394515,6.153008734259847
1708513255.24,10.87638187,106.8032837,-1.38,0.14,9.61,9.711347559868889,7.785118020632337,28.026424874276415,5.066510870738935
1708513256.24,10.87634563,106.8033447,-0.70,-0.23,10.81,10.839418709468866,6.42269214164403,23.121691709918508,5.655037304087224
1708513257.24,10.87630939,106.8033905,-0.00,0.00,11.23,11.234286440924262,12.011070482394297,42.81173677713268,5.978850769627391
1708513258.25,10.87620163,106.8033829,-0.76,0.11,8.72,8.755183543986321,7.574609244894965,27.268593281621875,4.567670174243069
1708513259.25,10.87613392,106.8033905,0.09,0.24,11.70,11.69772793703499,8.90782557335809,32.392092681993994,5.981380016358221
1708513260.24,10.87605381,106.8033905,-0.20,-0.33,9.86,9.869281325855946,9.331478244106046,33.93264783350992,5.046443413288587
1708513261.23,10.87596989,106.8033905,-0.33,0.15,9.41,9.415313914634558,9.75624286370752,34.7747273673116,5.010799496773826
1708513262.24,10.87588215,106.8033905,-0.29,0.13,10.16,10.161590126003357,9.650607683543367,34.398205929507895,5.407965273537647
1708513263.25,10.87579536,106.8033905,-0.41,-0.01,9.69,9.696939666146681,10.420338974064045,37.892141358851454,4.958320235444166
1708513264.24,10.87570286,106.8033752,-0.96,-0.12,9.35,9.396796439922136,10.425362229959338,37.15970730914476,5.000944556852352
1708513265.25,10.8756094,106.8033676,-0.33,0.37,10.24,10.250230756210103,10.637084011061662,38.293502439821985,5.347651830372984
1708513266.25,10.87551403,106.80336,-1.29,-0.56,9.80,9.897373529264105,10.530665580879823,37.910396091167364,5.16356255078336
1708513267.25,10.87541962,106.8033524,-0.94,-0.20,9.23,9.283044429974948,11.378551317531088,41.376549846984226,4.746683864019804
1708513268.24,10.87531757,106.8033447,-1.85,0.08,6.63,6.886557356344476,9.908024725131181,35.668889010472256,3.592788487157958
1708513269.24,10.87523365,106.8033752,-1.11,-0.36,8.69,8.765721431931443,8.947420936986441,32.21071537315119,4.573167899816111
1708513270.24,10.87515354,106.8033829,-0.87,-0.14,10.47,10.508633619817353,8.801078443809923,32.00392130555813,5.3733623718331875
1708513271.23,10.87507439,106.8033829,-0.56,0.13,10.00,10.014825953998844,9.79240831294154,34.903633920253995,5.3298578576944475
1708513272.24,10.87498665,106.8033752,-0.83,-0.31,10.06,10.095894655199652,10.848831726008134,39.055794213629284,5.26713308375246
1708513273.24,10.87488937,106.8033676,-0.17,-0.12,9.97,9.967108546503233,9.790368825645773,35.245327772324785,5.199944033449396
1708513274.24,10.87480164,106.8033752,-1.75,-0.12,8.57,8.744454750805732,9.370390960114987,34.07414861763389,4.47128768782731
1708513275.23,10.87471771,106.8033829,-0.72,-0.28,9.01,9.044984644664812,7.422261353518033,26.19621703168442,4.909504276018797
1708513276.25,10.87465096,106.8033829,-0.54,-0.23,9.21,9.22380690869496,10.943645757845013,39.795075099723874,4.71639403954193
1708513277.24,10.87455368,106.8033981,-0.44,-0.00,10.69,10.697249516685222,9.792408438994187,35.25267038037907,5.5808661598374725
1708513278.24,10.87446594,106.8034058,-0.96,-0.00,10.50,10.54259165902241,9.688994857151418,34.880381485745104,5.500179549430089
1708513279.24,10.87438011,106.8033905,-0.93,-0.13,9.49,9.53768039002263,7.741390793132186,27.5930763548752,5.075922537689486
1708513280.25,10.87431049,106.8033905,-1.31,-0.08,9.06,9.159248816845674,8.958254947123457,32.249717809644444,4.778475223162319
1708513281.25,10.87423134,106.8033752,-0.63,-0.09,10.79,10.810414859960021,8.102024898674156,29.16728963522696,5.639905694604202
1708513282.25,10.87415886,106.8033676,-1.15,-0.04,10.20,10.262693224598609,7.606671730290002,27.66062420732499,5.2476060734225145
1708513283.24,10.8740921,106.8033524,-1.24,-0.00,10.06,10.132621274324274,9.052594388035402,32.58933979692745,5.286293742342142
1708513284.24,10.87401104,106.8033447,-1.69,-0.40,10.14,10.284781637610656,8.125114950694746,29.54587226336332,5.258900505374982
1708513285.23,10.87393951,106.8033295,-3.17,-0.64,6.97,7.679998734085543,6.522631157014947,23.24898256135979,4.0872703917140845
1708513286.24,10.87388134,106.8033218,-1.20,-0.04,10.74,10.81133330250149,5.996626566786911,21.37411469729933,5.75375648255603
1708513287.25,10.87382793,106.8033142,-1.20,-0.11,10.43,10.503282291212061,6.521232518904139,23.4764370680549,5.479671444030172
1708513288.25,10.87376976,106.8033066,-0.98,-0.01,9.73,9.783051813098906,5.761708141471892,20.951665767159753,5.0023518181342554
1708513289.24,10.87372017,106.8032913,-1.52,-0.06,10.74,10.847209365565329,5.152772090240919,18.3663165346754,5.7728496068401896
1708513290.25,10.8736763,106.8032761,-0.46,0.43,11.03,11.04676377025952,5.234879276319247,19.03592445778643,5.648523577956304
1708513291.24,10.87364006,106.8032455,-0.40,0.73,9.98,10.017673565926842,5.309766669793617,19.11516001125702,5.226324329181732
1708513292.24,10.87360287,106.803215,-0.03,0.07,9.88,9.875966395492542,6.103753171165875,21.973511416197148,5.152394226789564
1708513293.24,10.87358665,106.8031616,0.29,-0.44,9.78,9.79570011874223,6.291650614603558,22.64994221257281,5.110518476673308
1708513294.24,10.87355232,106.8031158,-0.56,0.03,8.94,8.956222554681164,9.480721661995888,34.47535116606326,4.5795705712236945
1708513295.23,10.87353039,106.8030319,-0.65,-0.23,10.03,10.056521389077814,9.993922329350402,35.621901708295425,5.35204803287137
1708513296.24,10.8735323,106.8029404,-0.29,-0.19,10.01,10.01445282110423,10.183163840187579,37.02968633488149,5.120673715557272
1708513297.23,10.87351513,106.8028488,-0.50,-0.14,10.38,10.397102618380893,8.356089776308755,29.492082114929747,5.643416961824906
1708513298.25,10.87350941,106.8027725,-1.09,-0.25,9.47,9.538921002340302,9.264930431359119,33.69065578948859,4.8775208115739375
1708513299.24,10.87349701,106.8026886,-0.87,-0.14,9.84,9.879161289187346,7.093809483235672,25.537714139648422,5.154061036007932
1708513300.24,10.87347507,106.8026276,-0.93,-0.12,10.13,10.178553297115569,8.502879346752534,30.91956096306789,5.204582942474877
1708513301.23,10.87349033,106.8025513,-1.09,-0.35,10.38,10.443226539511416,10.529145104450594,37.52962646924014,5.557851258420834
1708513302.24,10.8735199,106.8024597,-1.36,-0.32,9.75,9.846294283186499,13.393791281073687,48.70469509836475,5.034689486509106
1708513303.23,10.87350845,106.8023376,-0.00,-0.27,9.96,9.963796270052448,10.153142083228438,35.83461978736619,5.408223707937031
1708513304.25,10.87352467,106.8022461,-0.06,0.37,11.21,11.214517624737837,10.163690661004589,36.958874774898206,5.734300880885953
1708513305.24,10.87354088,106.8021545,-1.12,-0.14,9.19,9.257023459694446,10.310755080132076,36.75120657322999,4.926557830574554
1708513306.25,10.87356377,106.802063,-1.30,-0.21,9.24,9.32971492359523,10.203495117314263,36.73258242233135,4.867409161281081
1708513307.25,10.87358189,106.8019714,-2.25,-0.67,6.07,6.502013577004862,9.630791331900175,35.02105905136746,3.3246639249027004
1708513308.24,10.87360859,106.8018875,-1.80,-0.18,9.27,9.442507023502227,8.65227868977091,31.148203283175274,4.926253971106834
1708513309.24,10.87362957,106.8018112,-0.51,-0.01,14.77,14.775418211791276,7.731020155697721,27.831672560511798,7.70848911834901
1708513310.24,10.87366486,106.8017502,-1.04,-0.11,9.44,9.502357748357918,8.148596075464216,29.334945871671177,4.957478715791707
1708513311.24,10.87369347,106.8016815,-2.11,0.39,11.47,11.673729052877661,6.043371788361835,21.975897200529413,5.969108706332359
1708513312.23,10.87372398,106.8016357,-5.64,-1.87,0.83,6.001702999056924,7.276310398874909,25.93536404285998,3.1940868504358995
1708513313.24,10.87378216,106.8016052,-0.66,-0.22,5.84,5.883197118347584,6.907629783616538,24.867467221019538,3.069325031469725
1708513314.24,10.87383175,106.8015671,-0.13,-0.04,12.17,12.16739735248806,5.965283178238076,21.69193862099659,6.221535307283691
1708513315.23,10.87388325,106.8015518,-0.35,-0.01,10.38,10.382576216377556,6.54139708972624,23.0872842778132,5.635532212922362
1708513316.25,10.87393761,106.8015289,-1.54,-0.19,6.60,6.780861548013891,7.133267999828276,25.939156113138107,3.467246800002308
1708513317.24,10.87399769,106.801506,-0.87,0.24,10.72,10.757690918077582,7.7857483740402955,27.75118258534749,5.725208179725756
1708513318.25,10.87406731,106.8014984,-1.06,-0.02,8.85,8.908510600044831,5.1961389222607295,19.284638730309986,4.372985896341202
1708513319.22,10.87411404,106.8014984,-1.79,-0.35,10.57,10.727292943184171,7.258590559264198,25.618555394104195,5.82264013081922
1708513320.24,10.87417889,106.8014908,-1.31,-0.99,5.54,5.775114717475316,6.5212323740069245,23.476436546424928,3.012937320538874
1708513321.24,10.87423706,106.8014832,-0.75,-0.83,12.80,12.847032298896458,6.837887594105304,24.616395338779096,6.7024301620167615
1708513322.24,10.8742981,106.8014908,-1.68,-0.99,5.74,6.064148057779154,6.626022241004353,23.6175052404453,3.227319907948194
1708513323.25,10.87435722,106.8014984,-0.58,-0.21,10.27,10.290104334855998,6.892973502605926,25.065357949837832,5.261622151416656
1708513324.24,10.87441921,106.8014984,-0.14,-0.01,11.10,11.099238587498796,7.996952604446303,28.503989750338537,5.906978740492717
1708513325.25,10.87449074,106.8014908,-0.39,-0.05,11.61,11.613819881714111,7.890789610732909,28.986573516085162,5.819112266703594
1708513326.23,10.87456131,106.8014984,-0.46,-0.02,9.49,9.504566884748968,8.377425773238802,29.860131750918903,5.058299637692092
1708513327.24,10.87463665,106.8014984,-0.73,-0.09,9.89,9.914345924065834,8.418432512019631,30.306357043270673,5.172417225403471
1708513328.24,10.87471199,106.801506,-1.23,-0.17,10.73,10.797652522655099,8.377425773415633,30.158732784296276,5.633247450700068
1708513329.24,10.87478733,106.801506,-0.64,-0.12,9.67,9.689124873605794,7.8919454736815995,28.697983264210567,4.95432431040747
1708513330.23,10.8748579,106.8015137,-0.64,-0.18,10.94,10.956730808046714,11.240695134517226,40.466502484262016,5.716240244158076
1708513331.23,10.87495899,106.8015137,-0.67,-0.20,8.93,8.960502104189457,9.270013985758185,33.04163432063272,4.768750127887376
1708513332.24,10.87504101,106.8015289,-0.78,0.04,10.38,10.406504245530527,7.529008483066201,27.378212401958937,5.321140726593144
1708513333.23,10.87510872,106.8015289,-1.15,-0.38,9.61,9.684887238183338,9.15678173957438,32.96441426246776,5.052706246134923
1708513334.23,10.87519073,106.8015213,-0.79,0.01,9.89,9.917917708201992,10.320065797553456,36.784393289104706,5.278283603912283
1708513335.24,10.87528324,106.8015289,-1.13,0.06,9.69,9.750893691235577,10.320949647519562,37.15541873107043,5.087142498144895
1708513336.24,10.87537575,106.8015366,-1.05,-0.42,10.12,10.18119863059137,9.263094524527295,33.6839797647099,5.205935576496966
1708513337.23,10.87545872,106.8015442,-1.20,0.03,7.53,7.624241127992856,6.9986086831237415,24.945536135786774,4.057596374779155
1708513338.24,10.87552166,106.8015442,-0.75,0.20,10.04,10.072945889306112,9.263094488463706,33.347140158469344,5.255160474271348
1708513339.24,10.87560463,106.8015518,-1.62,0.02,8.90,9.047902457967199,8.16504346352648,29.39415646869533,4.7203846714446325
1708513340.24,10.87567806,106.8015518,-1.12,-0.04,10.49,10.54786260602382,7.953773102844508,28.63358317024023,5.502929457217562
1708513341.24,10.87574959,106.8015518,-1.92,-0.35,9.45,9.646431982862888,7.423373302725218,26.724143889810787,5.032643740090627
1708513342.24,10.87581635,106.8015518,-1.35,-0.10,10.16,10.250005013548908,7.31662617335388,26.339854224073967,5.347534058082383
1708513343.24,10.87588215,106.8015518,-0.92,-0.02,9.62,9.662091302266468,8.10202440746438,29.16728786687177,5.040813369639721
1708513344.24,10.87595463,106.8015594,-1.37,0.15,11.05,11.135342882512019,6.680591192716773,24.050128293780382,5.809424018227008
1708513345.24,10.87601471,106.8015594,-1.48,0.13,8.73,8.853671397912972,6.25693852232248,22.52497868036093,4.619052310396567
1708513346.24,10.87607098,106.8015594,-1.59,-0.28,9.77,9.90578338368271,6.150191392774312,22.364332121923873,5.065107950574475
1708513347.23,10.87612629,106.8015594,-1.78,-0.23,9.68,9.845509410668175,5.473489047423626,19.704560570725054,5.13650450152216
1708513348.23,10.87617493,106.8015671,-3.34,-0.23,3.96,5.183170415446086,5.301774102424883,19.08638676872958,2.704113831047416
1708513349.23,10.87622261,106.8015671,-0.59,-0.70,15.10,15.132677482117225,3.5963685882053915,12.818739643354888,8.053561824887568
1708513350.24,10.87625408,106.8015747,-0.46,0.22,11.06,11.073274759026297,3.8033345624050496,13.830307366426354,5.6620793983068065
1708513351.23,10.87628746,106.8015823,-1.69,-0.27,9.51,9.661758811589811,4.264930134539594,15.201731316155985,5.141956670803513
1708513352.24,10.87632275,106.8015976,-1.17,-0.22,9.24,9.313072055509455,4.4600832360703695,15.897326536101039,4.95638671129495
1708513353.25,10.87635994,106.8016129,-0.90,-0.59,9.24,9.302941739041474,4.162557866028421,15.291028598009278,4.66124521832133
1708513354.23,10.87639427,106.8016281,-1.04,-0.57,9.85,9.921139047508607,4.264929900557944,15.3537476420086,5.175961268447642
1708513355.23,10.87642956,106.8016434,-1.25,-0.30,10.34,10.425212361279637,3.1812868513317327,11.228071449953632,5.658674577882948
1708513356.25,10.87645817,106.8016434,-1.16,-0.23,9.55,9.623875836226853,3.082714590291965,11.20987112943981,4.920960627274663
1708513357.24,10.87648487,106.801651,-0.74,-0.03,9.80,9.826022847520761,2.7777575687150797,10.100936516206314,5.0243241265993355
1708513358.23,10.87650871,106.8016434,-0.70,-0.37,9.68,9.712441620016167,2.981114937729297,10.73201377582547,5.06708165327918
1708513359.23,10.87653446,106.801651,-1.91,-0.55,11.28,11.45349885891255,1.9843467387630573,7.072919135643188,6.095514906766246
1708513360.24,10.87655067,106.8016434,-0.51,-0.33,9.31,9.334904183284962,0.9551644198975975,3.438591911631351,4.870116451949759
1708513361.24,10.87655926,106.8016434,-0.75,-0.33,9.02,9.061939637847958,0.5303998001192911,1.909439280429448,4.727708013959351
1708513362.24,10.87655449,106.8016434,-1.76,-0.28,10.17,10.324591059967245,0.8408201486590405,3.057527783852211,5.279256191934644
1708513363.23,10.87655449,106.8016357,-0.76,-0.56,10.17,10.215472197711772,0.9941340360669629,3.5788825298410667,5.3295179294496196
1708513364.23,10.87654972,106.8016434,-0.89,-0.24,10.29,10.334591993236437,0.8365963763329421,2.9819277061747234,5.50003630559586
1708513365.24,10.87655067,106.801651,-0.58,-0.23,10.09,10.110879041903331,0.0,0.0,1.318737648475772
